impl,workload,nkeys,threads,nlocks,seconds,seed,run_id,total_ops,ops_per_s
coarse,lookup,10000,1,1024,2,123,1,58588528,2.92904e+07
coarse,lookup,10000,1,1024,2,123,2,53798785,2.68954e+07
coarse,lookup,10000,1,1024,2,123,3,49725179,2.48606e+07
coarse,lookup,10000,2,1024,2,123,1,15418570,7.70847e+06
coarse,lookup,10000,2,1024,2,123,2,15287839,7.64317e+06
coarse,lookup,10000,2,1024,2,123,3,14676614,7.33767e+06
coarse,lookup,10000,4,1024,2,123,1,11961384,5.97985e+06
coarse,lookup,10000,4,1024,2,123,2,11714802,5.85656e+06
coarse,lookup,10000,4,1024,2,123,3,12369713,6.18364e+06
coarse,lookup,10000,8,1024,2,123,1,9629671,4.81321e+06
coarse,lookup,10000,8,1024,2,123,2,9488275,4.74268e+06
coarse,lookup,10000,8,1024,2,123,3,9636533,4.81646e+06
coarse,lookup,10000,16,1024,2,123,1,8012047,4.00386e+06
coarse,lookup,10000,16,1024,2,123,2,7852238,3.92397e+06
coarse,lookup,10000,16,1024,2,123,3,8147661,4.07166e+06
coarse,lookup,100000,1,1024,2,123,1,35376962,1.76874e+07
coarse,lookup,100000,1,1024,2,123,2,34212680,1.71053e+07
coarse,lookup,100000,1,1024,2,123,3,35921614,1.79596e+07
coarse,lookup,100000,2,1024,2,123,1,10991570,5.49538e+06
coarse,lookup,100000,2,1024,2,123,2,10219590,5.10942e+06
coarse,lookup,100000,2,1024,2,123,3,10009543,5.00436e+06
coarse,lookup,100000,4,1024,2,123,1,7889509,3.94403e+06
coarse,lookup,100000,4,1024,2,123,2,7603084,3.80101e+06
coarse,lookup,100000,4,1024,2,123,3,7948435,3.97368e+06
coarse,lookup,100000,8,1024,2,123,1,6215039,3.1063e+06
coarse,lookup,100000,8,1024,2,123,2,6139377,3.06861e+06
coarse,lookup,100000,8,1024,2,123,3,6288335,3.14315e+06
coarse,lookup,100000,16,1024,2,123,1,5248381,2.62214e+06
coarse,lookup,100000,16,1024,2,123,2,5450183,2.72312e+06
coarse,lookup,100000,16,1024,2,123,3,5562515,2.77916e+06
coarse,lookup,1000000,1,1024,2,123,1,12470500,6.23477e+06
coarse,lookup,1000000,1,1024,2,123,2,10243338,5.12114e+06
coarse,lookup,1000000,1,1024,2,123,3,12877886,6.43847e+06
coarse,lookup,1000000,2,1024,2,123,1,3901123,1.95036e+06
coarse,lookup,1000000,2,1024,2,123,2,3769106,1.88439e+06
coarse,lookup,1000000,2,1024,2,123,3,3882684,1.94112e+06
coarse,lookup,1000000,4,1024,2,123,1,2951168,1.47525e+06
coarse,lookup,1000000,4,1024,2,123,2,2866114,1.43283e+06
coarse,lookup,1000000,4,1024,2,123,3,2810340,1.40489e+06
coarse,lookup,1000000,8,1024,2,123,1,2569807,1.28442e+06
coarse,lookup,1000000,8,1024,2,123,2,2615257,1.30715e+06
coarse,lookup,1000000,8,1024,2,123,3,2602856,1.30101e+06
coarse,lookup,1000000,16,1024,2,123,1,2462953,1.23065e+06
coarse,lookup,1000000,16,1024,2,123,2,2507147,1.2528e+06
coarse,lookup,1000000,16,1024,2,123,3,2508079,1.25321e+06
coarse,insert,10000,1,1024,2,123,1,34718754,1.73586e+07
coarse,insert,10000,1,1024,2,123,2,35078628,1.75387e+07
coarse,insert,10000,1,1024,2,123,3,32385921,1.61922e+07
coarse,insert,10000,2,1024,2,123,1,8992311,4.49597e+06
coarse,insert,10000,2,1024,2,123,2,9108637,4.55413e+06
coarse,insert,10000,2,1024,2,123,3,8807081,4.40337e+06
coarse,insert,10000,4,1024,2,123,1,6555873,3.27759e+06
coarse,insert,10000,4,1024,2,123,2,6649981,3.32471e+06
coarse,insert,10000,4,1024,2,123,3,6670866,3.33506e+06
coarse,insert,10000,8,1024,2,123,1,5306006,2.65257e+06
coarse,insert,10000,8,1024,2,123,2,5179129,2.58917e+06
coarse,insert,10000,8,1024,2,123,3,5120829,2.55987e+06
coarse,insert,10000,16,1024,2,123,1,4666505,2.33246e+06
coarse,insert,10000,16,1024,2,123,2,4590807,2.29457e+06
coarse,insert,10000,16,1024,2,123,3,4595681,2.29702e+06
coarse,insert,100000,1,1024,2,123,1,20976306,1.04877e+07
coarse,insert,100000,1,1024,2,123,2,21719506,1.08593e+07
coarse,insert,100000,1,1024,2,123,3,20964515,1.04818e+07
coarse,insert,100000,2,1024,2,123,1,5550374,2.77505e+06
coarse,insert,100000,2,1024,2,123,2,5754481,2.87705e+06
coarse,insert,100000,2,1024,2,123,3,6207322,3.10351e+06
coarse,insert,100000,4,1024,2,123,1,4986335,2.49297e+06
coarse,insert,100000,4,1024,2,123,2,5374023,2.6867e+06
coarse,insert,100000,4,1024,2,123,3,5408802,2.70418e+06
coarse,insert,100000,8,1024,2,123,1,4192459,2.09586e+06
coarse,insert,100000,8,1024,2,123,2,4471170,2.23518e+06
coarse,insert,100000,8,1024,2,123,3,4392650,2.19591e+06
coarse,insert,100000,16,1024,2,123,1,4042376,2.02053e+06
coarse,insert,100000,16,1024,2,123,2,3987294,1.99274e+06
coarse,insert,100000,16,1024,2,123,3,4016215,2.00725e+06
coarse,insert,1000000,1,1024,2,123,1,7321607,3.66062e+06
coarse,insert,1000000,1,1024,2,123,2,7223305,3.61147e+06
coarse,insert,1000000,1,1024,2,123,3,7693278,3.84648e+06
coarse,insert,1000000,2,1024,2,123,1,3277222,1.63855e+06
coarse,insert,1000000,2,1024,2,123,2,3080127,1.53998e+06
coarse,insert,1000000,2,1024,2,123,3,3169349,1.58461e+06
coarse,insert,1000000,4,1024,2,123,1,2345445,1.17266e+06
coarse,insert,1000000,4,1024,2,123,2,2346201,1.17303e+06
coarse,insert,1000000,4,1024,2,123,3,2348403,1.17411e+06
coarse,insert,1000000,8,1024,2,123,1,2054845,1.02725e+06
coarse,insert,1000000,8,1024,2,123,2,2032690,1.01619e+06
coarse,insert,1000000,8,1024,2,123,3,1999774,999733
coarse,insert,1000000,16,1024,2,123,1,1931150,965186
coarse,insert,1000000,16,1024,2,123,2,1927166,963200
coarse,insert,1000000,16,1024,2,123,3,1908084,953798
coarse,mix7030,10000,1,1024,2,123,1,26322398,1.31605e+07
coarse,mix7030,10000,1,1024,2,123,2,20712795,1.03559e+07
coarse,mix7030,10000,1,1024,2,123,3,22052562,1.10258e+07
coarse,mix7030,10000,2,1024,2,123,1,10092806,5.04617e+06
coarse,mix7030,10000,2,1024,2,123,2,9965697,4.98261e+06
coarse,mix7030,10000,2,1024,2,123,3,9769630,4.88462e+06
coarse,mix7030,10000,4,1024,2,123,1,7510669,3.7549e+06
coarse,mix7030,10000,4,1024,2,123,2,7961296,3.98024e+06
coarse,mix7030,10000,4,1024,2,123,3,7741892,3.87069e+06
coarse,mix7030,10000,8,1024,2,123,1,5970960,2.9849e+06
coarse,mix7030,10000,8,1024,2,123,2,5975577,2.98705e+06
coarse,mix7030,10000,8,1024,2,123,3,6022543,3.01074e+06
coarse,mix7030,10000,16,1024,2,123,1,5331779,2.665e+06
coarse,mix7030,10000,16,1024,2,123,2,5420024,2.70852e+06
coarse,mix7030,10000,16,1024,2,123,3,5309969,2.654e+06
coarse,mix7030,100000,1,1024,2,123,1,13812544,6.90593e+06
coarse,mix7030,100000,1,1024,2,123,2,19467836,9.73347e+06
coarse,mix7030,100000,1,1024,2,123,3,18887321,9.4432e+06
coarse,mix7030,100000,2,1024,2,123,1,5676819,2.83824e+06
coarse,mix7030,100000,2,1024,2,123,2,4119517,2.05967e+06
coarse,mix7030,100000,2,1024,2,123,3,4480322,2.24005e+06
coarse,mix7030,100000,4,1024,2,123,1,3647638,1.82369e+06
coarse,mix7030,100000,4,1024,2,123,2,3360839,1.68028e+06
coarse,mix7030,100000,4,1024,2,123,3,4056988,2.0283e+06
coarse,mix7030,100000,8,1024,2,123,1,3211917,1.60566e+06
coarse,mix7030,100000,8,1024,2,123,2,3485564,1.74248e+06
coarse,mix7030,100000,8,1024,2,123,3,3359693,1.67951e+06
coarse,mix7030,100000,16,1024,2,123,1,3360732,1.6798e+06
coarse,mix7030,100000,16,1024,2,123,2,3168198,1.58346e+06
coarse,mix7030,100000,16,1024,2,123,3,2997250,1.49806e+06
coarse,mix7030,1000000,1,1024,2,123,1,5100803,2.55032e+06
coarse,mix7030,1000000,1,1024,2,123,2,4994891,2.49734e+06
coarse,mix7030,1000000,1,1024,2,123,3,5153863,2.57682e+06
coarse,mix7030,1000000,2,1024,2,123,1,2978011,1.48894e+06
coarse,mix7030,1000000,2,1024,2,123,2,2898770,1.4493e+06
coarse,mix7030,1000000,2,1024,2,123,3,3003727,1.5018e+06
coarse,mix7030,1000000,4,1024,2,123,1,2101357,1.0506e+06
coarse,mix7030,1000000,4,1024,2,123,2,2050360,1.02512e+06
coarse,mix7030,1000000,4,1024,2,123,3,2206574,1.10321e+06
coarse,mix7030,1000000,8,1024,2,123,1,1722354,861012
coarse,mix7030,1000000,8,1024,2,123,2,1824650,912145
coarse,mix7030,1000000,8,1024,2,123,3,1865577,932575
coarse,mix7030,1000000,16,1024,2,123,1,1903049,951262
coarse,mix7030,1000000,16,1024,2,123,2,1829520,914385
coarse,mix7030,1000000,16,1024,2,123,3,1827385,913302
striped,lookup,10000,1,1024,2,123,1,31242745,1.56202e+07
striped,lookup,10000,1,1024,2,123,2,28763389,1.43805e+07
striped,lookup,10000,1,1024,2,123,3,29554458,1.47761e+07
striped,lookup,10000,2,1024,2,123,1,39210060,1.96023e+07
striped,lookup,10000,2,1024,2,123,2,39216393,1.96062e+07
striped,lookup,10000,2,1024,2,123,3,39594304,1.97949e+07
striped,lookup,10000,4,1024,2,123,1,64419861,3.22059e+07
striped,lookup,10000,4,1024,2,123,2,64316620,3.21524e+07
striped,lookup,10000,4,1024,2,123,3,64019917,3.20053e+07
striped,lookup,10000,8,1024,2,123,1,91395018,4.5679e+07
striped,lookup,10000,8,1024,2,123,2,105065306,5.25101e+07
striped,lookup,10000,8,1024,2,123,3,90562567,4.52652e+07
striped,lookup,10000,16,1024,2,123,1,104769293,5.23467e+07
striped,lookup,10000,16,1024,2,123,2,93341177,4.66305e+07
striped,lookup,10000,16,1024,2,123,3,120884475,6.03914e+07
striped,lookup,100000,1,1024,2,123,1,11748129,5.87369e+06
striped,lookup,100000,1,1024,2,123,2,12817933,6.40827e+06
striped,lookup,100000,1,1024,2,123,3,13571857,6.78534e+06
striped,lookup,100000,2,1024,2,123,1,20827018,1.04123e+07
striped,lookup,100000,2,1024,2,123,2,38407302,1.92014e+07
striped,lookup,100000,2,1024,2,123,3,47087546,2.35398e+07
striped,lookup,100000,4,1024,2,123,1,90984811,4.54856e+07
striped,lookup,100000,4,1024,2,123,2,89763725,4.48727e+07
striped,lookup,100000,4,1024,2,123,3,90846393,4.54152e+07
striped,lookup,100000,8,1024,2,123,1,133265939,6.661e+07
striped,lookup,100000,8,1024,2,123,2,135057839,6.75044e+07
striped,lookup,100000,8,1024,2,123,3,131310590,6.56328e+07
striped,lookup,100000,16,1024,2,123,1,140830548,7.03649e+07
striped,lookup,100000,16,1024,2,123,2,145243249,7.25758e+07
striped,lookup,100000,16,1024,2,123,3,142831092,7.13648e+07
striped,lookup,1000000,1,1024,2,123,1,12933010,6.46604e+06
striped,lookup,1000000,1,1024,2,123,2,11408750,5.70358e+06
striped,lookup,1000000,1,1024,2,123,3,13756286,6.87773e+06
striped,lookup,1000000,2,1024,2,123,1,23609566,1.18035e+07
striped,lookup,1000000,2,1024,2,123,2,23629671,1.18133e+07
striped,lookup,1000000,2,1024,2,123,3,24010733,1.20036e+07
striped,lookup,1000000,4,1024,2,123,1,46068260,2.30289e+07
striped,lookup,1000000,4,1024,2,123,2,45701506,2.28464e+07
striped,lookup,1000000,4,1024,2,123,3,46339428,2.31651e+07
striped,lookup,1000000,8,1024,2,123,1,69764649,3.4869e+07
striped,lookup,1000000,8,1024,2,123,2,70719306,3.53474e+07
striped,lookup,1000000,8,1024,2,123,3,70928218,3.54512e+07
striped,lookup,1000000,16,1024,2,123,1,81720052,4.08337e+07
striped,lookup,1000000,16,1024,2,123,2,75365881,3.76559e+07
striped,lookup,1000000,16,1024,2,123,3,79331407,3.96373e+07
striped,insert,10000,1,1024,2,123,1,32837876,1.64172e+07
striped,insert,10000,1,1024,2,123,2,38913423,1.94556e+07
striped,insert,10000,1,1024,2,123,3,34290734,1.71442e+07
striped,insert,10000,2,1024,2,123,1,50838755,2.54172e+07
striped,insert,10000,2,1024,2,123,2,50209994,2.5103e+07
striped,insert,10000,2,1024,2,123,3,48733753,2.43651e+07
striped,insert,10000,4,1024,2,123,1,73373644,3.66804e+07
striped,insert,10000,4,1024,2,123,2,73717469,3.68561e+07
striped,insert,10000,4,1024,2,123,3,72805036,3.63982e+07
striped,insert,10000,8,1024,2,123,1,104750157,5.23662e+07
striped,insert,10000,8,1024,2,123,2,106892232,5.34373e+07
striped,insert,10000,8,1024,2,123,3,107819156,5.39003e+07
striped,insert,10000,16,1024,2,123,1,121241026,6.05973e+07
striped,insert,10000,16,1024,2,123,2,123971116,6.19643e+07
striped,insert,10000,16,1024,2,123,3,114705877,5.733e+07
striped,insert,100000,1,1024,2,123,1,20280021,1.01395e+07
striped,insert,100000,1,1024,2,123,2,19197056,9.59744e+06
striped,insert,100000,1,1024,2,123,3,19018886,9.50845e+06
striped,insert,100000,2,1024,2,123,1,37193919,1.85956e+07
striped,insert,100000,2,1024,2,123,2,29629109,1.48135e+07
striped,insert,100000,2,1024,2,123,3,28411730,1.42047e+07
striped,insert,100000,4,1024,2,123,1,56894704,2.84456e+07
striped,insert,100000,4,1024,2,123,2,66122739,3.30577e+07
striped,insert,100000,4,1024,2,123,3,63739423,3.18669e+07
striped,insert,100000,8,1024,2,123,1,98111107,4.90467e+07
striped,insert,100000,8,1024,2,123,2,93608699,4.67957e+07
striped,insert,100000,8,1024,2,123,3,92306430,4.61442e+07
striped,insert,100000,16,1024,2,123,1,114307409,5.71327e+07
striped,insert,100000,16,1024,2,123,2,122648794,6.13013e+07
striped,insert,100000,16,1024,2,123,3,120185857,6.0069e+07
striped,insert,1000000,1,1024,2,123,1,7486110,3.7426e+06
striped,insert,1000000,1,1024,2,123,2,7825131,3.91217e+06
striped,insert,1000000,1,1024,2,123,3,8221168,4.11022e+06
striped,insert,1000000,2,1024,2,123,1,15303865,7.65126e+06
striped,insert,1000000,2,1024,2,123,2,14391126,7.19454e+06
striped,insert,1000000,2,1024,2,123,3,14235019,7.11667e+06
striped,insert,1000000,4,1024,2,123,1,27318533,1.36582e+07
striped,insert,1000000,4,1024,2,123,2,25417990,1.27074e+07
striped,insert,1000000,4,1024,2,123,3,26462249,1.323e+07
striped,insert,1000000,8,1024,2,123,1,41422648,2.07074e+07
striped,insert,1000000,8,1024,2,123,2,41252098,2.06221e+07
striped,insert,1000000,8,1024,2,123,3,39245631,1.96196e+07
striped,insert,1000000,16,1024,2,123,1,55089607,2.75334e+07
striped,insert,1000000,16,1024,2,123,2,60480213,3.02284e+07
striped,insert,1000000,16,1024,2,123,3,63253614,3.16162e+07
striped,mix7030,10000,1,1024,2,123,1,28009716,1.40033e+07
striped,mix7030,10000,1,1024,2,123,2,27336677,1.36668e+07
striped,mix7030,10000,1,1024,2,123,3,28734961,1.43659e+07
striped,mix7030,10000,2,1024,2,123,1,42344494,2.11705e+07
striped,mix7030,10000,2,1024,2,123,2,39561123,1.97781e+07
striped,mix7030,10000,2,1024,2,123,3,41793171,2.0895e+07
striped,mix7030,10000,4,1024,2,123,1,64323466,3.21567e+07
striped,mix7030,10000,4,1024,2,123,2,62914510,3.14532e+07
striped,mix7030,10000,4,1024,2,123,3,67227626,3.36102e+07
striped,mix7030,10000,8,1024,2,123,1,95705557,4.78431e+07
striped,mix7030,10000,8,1024,2,123,2,97951642,4.89661e+07
striped,mix7030,10000,8,1024,2,123,3,96927462,4.84555e+07
striped,mix7030,10000,16,1024,2,123,1,118759189,5.93565e+07
striped,mix7030,10000,16,1024,2,123,2,118636789,5.92955e+07
striped,mix7030,10000,16,1024,2,123,3,119828979,5.9894e+07
striped,mix7030,100000,1,1024,2,123,1,18272905,9.13568e+06
striped,mix7030,100000,1,1024,2,123,2,18906268,9.45218e+06
striped,mix7030,100000,1,1024,2,123,3,18159450,9.07867e+06
striped,mix7030,100000,2,1024,2,123,1,34366126,1.71814e+07
striped,mix7030,100000,2,1024,2,123,2,35376976,1.7687e+07
striped,mix7030,100000,2,1024,2,123,3,34699354,1.73482e+07
striped,mix7030,100000,4,1024,2,123,1,57451504,2.87236e+07
striped,mix7030,100000,4,1024,2,123,2,58151257,2.90727e+07
striped,mix7030,100000,4,1024,2,123,3,57634209,2.8815e+07
striped,mix7030,100000,8,1024,2,123,1,86906065,4.3445e+07
striped,mix7030,100000,8,1024,2,123,2,85207504,4.25966e+07
striped,mix7030,100000,8,1024,2,123,3,85273030,4.26275e+07
striped,mix7030,100000,16,1024,2,123,1,111702308,5.58318e+07
striped,mix7030,100000,16,1024,2,123,2,112146197,5.6023e+07
striped,mix7030,100000,16,1024,2,123,3,112135820,5.60476e+07
striped,mix7030,1000000,1,1024,2,123,1,8956466,4.47799e+06
striped,mix7030,1000000,1,1024,2,123,2,8381325,4.19047e+06
striped,mix7030,1000000,1,1024,2,123,3,9361802,4.6806e+06
striped,mix7030,1000000,2,1024,2,123,1,16499792,8.24912e+06
striped,mix7030,1000000,2,1024,2,123,2,17696675,8.84762e+06
striped,mix7030,1000000,2,1024,2,123,3,12288960,6.14415e+06
striped,mix7030,1000000,4,1024,2,123,1,23448931,1.17231e+07
striped,mix7030,1000000,4,1024,2,123,2,18309978,9.15427e+06
striped,mix7030,1000000,4,1024,2,123,3,15780513,7.88949e+06
striped,mix7030,1000000,8,1024,2,123,1,33525894,1.67585e+07
striped,mix7030,1000000,8,1024,2,123,2,36159031,1.80763e+07
striped,mix7030,1000000,8,1024,2,123,3,32815605,1.64045e+07
striped,mix7030,1000000,16,1024,2,123,1,56834588,2.84035e+07
striped,mix7030,1000000,16,1024,2,123,2,53707451,2.68451e+07
striped,mix7030,1000000,16,1024,2,123,3,46856106,2.34172e+07
